residue,seqX,IR,var1.pred,var1.var,R,G,B
1,0.945557302,0.3,0.609619887090671,0.020722739487701,0.995701180898405,0.859568848841821,0.52925351930164
2,0.945657626,0.3,0.623072302658126,0.0204915634910691,0.995173635189877,0.83319156341544,0.507096599543479
3,0.945757951,0.3,0.636858911025058,0.0201835652357555,0.99463298388137,0.806158997990083,0.48438924458618
4,0.945858275,0.3,0.650938730926718,0.0197920705986678,0.994080834081305,0.778551507986827,0.461198952983445
5,0.945958599,0.3,0.665264103989255,0.019313011312118,0.993519054745519,0.75046254119754,0.437604220880443
6,0.946058924,0.3,0.679708562617356,0.0187491945806984,0.992952605387555,0.722140073299302,0.413813347845923
7,0.946159248,0.3,0.691803380030492,0.0181714312887124,0.992478298822334,0.698424745038251,0.393892472106641
8,0.946259573,0.3,0.691610795295152,0.0184671468834341,0.992485851164896,0.698802362166368,0.394209670494259
9,0.946359897,0.3,0.683283664680899,0.0192631269946722,0.992812405306631,0.715130069253139,0.407924944447146
10,0.946460221,0.3,0.67467007542812,0.0200184019790076,0.993150193120466,0.732019459944863,0.422112032628195
11,0.946560546,0.3,0.66619483329278,0.0207057559416795,0.993482555557146,0.748637581778864,0.436071254968755
12,0.94666087,0.3,0.657914133641149,0.0213234240528075,0.993807288876818,0.764874247762453,0.44971005439497
13,0.946761195,0.21,0.394974125356086,0.0214593506691028,0.890332290039572,0.956054078766513,0.598443548852038
14,0.946861519,0.21,0.396798533625231,0.0209493453221816,0.894553469956416,0.957771168902178,0.597585003784205
15,0.946961843,0.21,0.398668106405426,0.0204165884749728,0.89887914815373,0.95953076681295,0.596705204828819
16,0.947062168,0.21,0.400596946816369,0.019899715152081,0.902546026290558,0.961018410516223,0.596991408856408
17,0.947162492,0.21,0.402630717024882,0.0195129972550142,0.904539918651845,0.961815967460738,0.600101880940016
18,0.947262816,0.21,0.404866205729196,0.019494401619274,0.90673157424431,0.962692629697724,0.60352086366426
19,0.947363141,0.21,0.407325919408185,0.0199146525501063,0.909143058243318,0.963657223297327,0.607282778702714
20,0.947463465,0.21,0.409903286345324,0.0205443969126638,0.911669888573847,0.964667955429539,0.611224634018338
21,0.94756379,0.21,0.412523416199309,0.0212271716399056,0.914238643332656,0.965695457333063,0.615231891442081
22,0.947664114,0.23,0.61414211416467,0.0213577773009248,0.995523838660209,0.85070173693202,0.521805145297406
23,0.947764438,0.23,0.61214027440117,0.0212010456213604,0.995602342180346,0.854626912938882,0.525102293143171
24,0.947864763,0.23,0.610167885830201,0.0211993558134399,0.995679690751757,0.85849434150941,0.528350933142414
25,0.947965087,0.23,0.608261206672292,0.0213778970330354,0.99575446248344,0.862232928093545,0.531491345873088
26,0.948065411,0.23,0.60642274712707,0.0217166946712015,0.995826558936193,0.865837750731235,0.534519396888748
27,0.948165736,0.23,0.60463349402899,0.0221672904077685,0.995896725724353,0.869346090139235,0.537466401991468
28,0.94826606,0.23,0.60287269559184,0.0226813050759873,0.995965776643457,0.872798636094431,0.540366540593832
29,0.948366385,0.14,0.507665247778192,0.0230425398776617,0.999699402047914,0.990681463485336,0.733388514334668
30,0.948466709,0.3,0.529729983214285,0.0229753414646192,0.998834118305322,0.963857667464987,0.68839375971989
31,0.948567033,0.3,0.524923963857424,0.0228081360123329,0.99902258965265,0.969700279232151,0.698194269780938
32,0.948667358,0.3,0.52052189350318,0.0226972960221979,0.99919521986262,0.975051815741232,0.707171040699397
33,0.948767682,0.3,0.516589691752735,0.0226687318958843,0.999349423852834,0.979832139437852,0.715189648190502
34,0.948868007,0.3,0.513171233183933,0.0227413668574506,0.99948348105161,0.983987912599924,0.722160622526881
35,0.948968331,0.3,0.513245643498472,0.0229163337104112,0.99948056300006,0.983897453001858,0.722008883846254
36,0.949068655,0.3,0.510930769241832,0.0231918097997001,0.999571342382673,0.986711613862871,0.726729411742146
37,0.94916898,0.3,0.509036192502072,0.0235438300543642,0.999645639509723,0.989014824801403,0.730592862348716
38,0.949269304,0.3,0.507480121712021,0.0239492574512363,0.999706661893646,0.990906518703033,0.733766026312742
39,0.949369628,0.3,0.506188035436532,0.0243871058929948,0.999757331943665,0.992477290253628,0.736400868913738
40,0.949469953,0.3,0.505099153514493,0.0248407039072889,0.99980003319551,0.993801029060812,0.738621334009661
41,0.949570277,0.3,0.504166705976222,0.0252978091150453,0.999836599765638,0.994934592734789,0.740522795656332
42,0.949670602,0.3,0.502841775116483,0.0257503365394046,0.999888557838569,0.996545292995648,0.743224615448741
43,0.949770926,0.24,0.487060763841421,0.0261638006279749,0.987314474354334,0.994925789741734,0.729230187835898
44,0.94987125,0.24,0.485067182242107,0.0257055853712657,0.985359982590301,0.99414399303612,0.726181180684006
45,0.949971575,0.24,0.48299342766055,0.0252206957769201,0.983326889863284,0.993330755945314,0.723009556029861
46,0.950071899,0.24,0.480854768190191,0.0247103795889476,0.981230164892344,0.992492065956938,0.719738665075194
47,0.950172224,0.24,0.478675403839341,0.0241775788008275,0.979093533175825,0.99163741327033,0.716405519597424
48,0.950272548,0.24,0.476494341579497,0.0236281384091774,0.976955236842645,0.990782094737058,0.713069777317663
49,0.950372872,0.24,0.474375759165129,0.0230729473767374,0.97487819525993,0.989951278103972,0.709829592448629
50,0.950473197,0.24,0.472427019945964,0.0225316690979784,0.972967666613691,0.989187066645476,0.706849167760495
51,0.950573521,0.24,0.470826891942813,0.0220385938213258,0.971398913669424,0.98855956546777,0.704401913167439
52,0.950673845,0.24,0.469854137731087,0.0216485844818231,0.970445233069693,0.988178093227877,0.702914171431859
53,0.95077417,0.24,0.469861125390685,0.0214316918212228,0.970452083716358,0.988180833486543,0.702924858440656
54,0.950874494,0.24,0.471102439108668,0.0214379423520159,0.971669057949674,0.98866762317987,0.704823338244629
55,0.950974819,0.24,0.473522745789641,0.0216540213922971,0.974041907636903,0.989616763054761,0.708524983756705
56,0.951075143,0.24,0.475349753368832,0.0220137944164527,0.97583309153807,0.990333236615228,0.711319230642527
57,0.951175467,0.24,0.479155639100113,0.022451016864429,0.979564352058934,0.991825740823574,0.717139997055075
58,0.951275792,0.24,0.483251890018459,0.0229161845430754,0.983580284331822,0.993432113732729,0.72340485140078
59,0.951376116,0.24,0.487493969947387,0.0233803258766714,0.987739186222928,0.995095674489171,0.729892738350906
60,0.95147644,0.24,0.491797366827168,0.0238270857162071,0.991958202771733,0.996783281108693,0.736474404167041
61,0.951576765,0.24,0.500767410621191,0.0242500153649762,0.999969905465836,0.999067069440906,0.747454692066592
62,0.951677089,0.24,0.505113548307102,0.0246393418466268,0.999799468693839,0.993783529509013,0.738591979922772
63,0.951777414,0.24,0.509421135849046,0.0249952134948622,0.999630543692194,0.988546854458023,0.72980787983724
64,0.951877738,0.24,0.513681777817849,0.0253167294543592,0.999463459693418,0.983367250495949,0.721119511900858
65,0.951978062,0.24,0.517892310295525,0.0256038343646635,0.999298340772725,0.97824856395446,0.712533328024812
66,0.952078387,0.24,0.522053095119621,0.0258569755248438,0.999135172740407,0.973190354952618,0.704048590344302
67,0.952178711,0.24,0.526166991909928,0.0260768952617724,0.998973843454513,0.968189147089892,0.695659467477794
68,0.952279036,0.24,0.530238731058073,0.0262645021773188,0.998814167409487,0.963239189694108,0.687356313136479
69,0.95237936,0.24,0.534274532182577,0.0264207895837659,0.998655900698722,0.958332921660397,0.679126444176706
70,0.952479684,0.24,0.538281878349416,0.0265467827898219,0.99849874986865,0.953461245928161,0.670954601012956
71,0.952580009,0.24,0.542269392898702,0.026643504326912,0.998342376749071,0.948613679221186,0.662823198794804
72,0.952680333,0.24,0.546246786491488,0.0267119504561272,0.998186400529746,0.943778416422113,0.654712435389907
73,0.952780657,0.24,0.550579095817815,0.0267506112054711,0.99801650604636,0.938511687437166,0.645877922253867
74,0.952880982,0.24,0.554565755455417,0.0267653670855335,0.997860166452729,0.933665160034591,0.637748263385031
75,0.952981306,0.24,0.560648874621737,0.0267548738931064,0.997621612759932,0.926269995557888,0.625343471359595
76,0.953081631,0.24,0.564670629174962,0.0267192244174582,0.9974638968951,0.921380803748085,0.617142246388312
77,0.953181955,0.24,0.568744658773769,0.0266594460356356,0.99730413102848,0.916428061882869,0.608834421324079
78,0.953282279,0.24,0.572888289632334,0.026576145142381,0.997141635700693,0.911390706721476,0.600384664279162
79,0.953382604,0.24,0.577120408106732,0.0264698427509658,0.996975670270324,0.906245778380052,0.591754461899998
80,0.953482928,0.24,0.581461549793332,0.0263409717206705,0.996805429419869,0.90096831201595,0.582901937676343
81,0.953583253,0.24,0.579279592841235,0.0261894268849077,0.996890996359167,0.903620887134185,0.587351418519835
82,0.953683577,0.24,0.584069367286398,0.0260163803300438,0.9967031620672,0.897798024083203,0.577584035337542
83,0.953783901,0.24,0.589047368572559,0.0258215300831363,0.996507946330488,0.891746336245125,0.567432817028508
84,0.953884226,0.24,0.59424028245689,0.025604960772741,0.996304302648749,0.885433382111232,0.556843345578107
85,0.95398455,0.24,0.599676141409711,0.02536668194394,0.996091131709423,0.878825082992116,0.545758456733139
86,0.954084874,0.24,0.605383929040003,0.0251066383318416,0.995867296900392,0.867874648941171,0.536230391385094
87,0.954185199,0.24,0.61139297228202,0.0248247238472163,0.995631648145803,0.856092211211725,0.526333143692359
88,0.954285523,0.24,0.617732057187197,0.0245208006022566,0.995383056580894,0.843662632966281,0.515892297966186
89,0.954385848,0.24,0.624428188314545,0.0241947255379807,0.995120463203351,0.830532964089127,0.504863376109376
90,0.954486172,0.24,0.631504890195877,0.0238463893595299,0.994842945482515,0.8166570780473,0.493207631834242
91,0.954586496,0.24,0.638979918007579,0.0234757759894973,0.994549807136958,0.802000160769453,0.480895821320851
92,0.954686821,0.24,0.646862196219432,0.0230830562588316,0.994240698187473,0.786544713295231,0.467913245442504
93,0.954787145,0.24,0.655147727304691,0.0226687380526743,0.993915775399816,0.77029857391237,0.454266488360901
94,0.954887469,0.24,0.663814092082184,0.0222339081887125,0.993575917957561,0.75330570179964,0.439992475786207
95,0.954987794,0.24,0.672812983020374,0.0217806215184816,0.993223020273711,0.73566081760711,0.425170773064483
96,0.955088118,0.24,0.682059970683906,0.0213125242836218,0.992860393306514,0.717529469247244,0.409940440442195
97,0.955188443,0.24,0.691420459800664,0.020835847575732,0.992493315301935,0.699175569018307,0.394523164249887
98,0.955288767,0.24,0.700690781100696,0.0203609771464173,0.991913057650735,0.68059212660607,0.379579473214868
99,0.955389091,0.24,0.70957430137746,0.0199048763942412,0.988777697553053,0.657947859233926,0.369128272889263
100,0.955489416,0.24,0.717656324744129,0.0194945373232511,0.985925218717758,0.63734662320124,0.359620010104946
101,0.95558974,0.24,0.724393984407178,0.0191705399554535,0.983547221189623,0.620172196609154,0.35169335167783
102,0.955690065,0.24,0.729168943581091,0.0189854926062742,0.981861941481184,0.6080007320482,0.346075752649697
103,0.955790389,0.24,0.731480436403179,0.0189859154172589,0.981046120485153,0.602108691521309,0.343356349329593
104,0.955890713,0.24,0.731907906768126,0.0191804012144317,0.980895248591642,0.601019061179286,0.342853443017891
105,0.955991038,0.24,0.729489878300262,0.0195314520711655,0.981748670403829,0.607182663156195,0.345698182391849
106,0.956091362,0.24,0.725456408423859,0.01998530254391,0.983172248007265,0.61746405695879,0.35044344106997
107,0.956191686,0.24,0.720355848863215,0.020496225796037,0.984972445499257,0.630465483289844,0.35644409937661
108,0.956292011,0.24,0.714620693969513,0.0210326236766421,0.986996617814682,0.645084505567908,0.363191340428024
109,0.956392335,0.24,0.708565070833444,0.0215743485700383,0.989133896568588,0.660520407679456,0.370315602941046
110,0.95649266,0.24,0.70240801358827,0.0221090444656994,0.991306975596297,0.676214867324019,0.377559199700075
111,0.956592984,0.24,0.696298487212098,0.0226293925281233,0.99230202010933,0.689610809388043,0.386488766160466
112,0.956693308,0.24,0.690335679783732,0.0231312771440749,0.992535855694756,0.70130258865935,0.396309860748363
113,0.956793633,0.24,0.684583924928974,0.0236125999478305,0.992761414708668,0.712580539354954,0.405783339332671
114,0.956893957,0.24,0.679083231179508,0.0240725155602209,0.992977128189039,0.723366213373515,0.414843305508262
115,0.956994282,0.24,0.67385659805553,0.0245109379874813,0.993182094193901,0.733614513616607,0.42345187771246
116,0.957094606,0.24,0.674749155085973,0.0249286372261446,0.993147091957413,0.73186440179221,0.421981783779966
117,0.95719493,0.24,0.670360804635987,0.0253254116119771,0.993319184131922,0.740469010517673,0.429209655109355
118,0.957295255,0.25,0.640460721883405,0.025533808136215,0.994491736396729,0.79909662375803,0.478456850231255
119,0.957395579,0.25,0.632263251141757,0.0250587827065929,0.994813205837578,0.815170095800477,0.49195856674691
120,0.957495903,0.25,0.633411175337371,0.0245444175000362,0.994768189202456,0.81291926404437,0.490067868071781
121,0.957596228,0.25,0.634646282819494,0.0239943258868417,0.994719753614922,0.810497484667658,0.488033573395343
122,0.957696552,0.25,0.635964860794342,0.0234089413617485,0.994668044674732,0.807912037658154,0.485861797907359
123,0.957796877,0.25,0.637358660033493,0.0227909754930118,0.99461338588104,0.805179097973544,0.483566128572287
124,0.957897201,0.25,0.638810007728481,0.0221481124462118,0.994556470285158,0.802333318179449,0.481175673545247
125,0.957997525,0.25,0.640279588299722,0.0214997604358387,0.994498839674521,0.799451787647605,0.478755187898498
126,0.95809785,0.25,0.641673800377867,0.0208951143652369,0.994444164691064,0.796718038474771,0.476458838593317
127,0.958198174,0.25,0.642768649413605,0.0204553592460564,0.994401229434761,0.794571275659598,0.474655557828572
128,0.958298498,0.25,0.643191214721575,0.0203845683159606,0.994384658246213,0.793742716232206,0.473959567909563
129,0.958398823,0.25,0.645807555010453,0.0207342681500276,0.994282056666257,0.788612637234406,0.469650301551411
130,0.958499147,0.25,0.645163277068457,0.0213131415540337,0.994307322467904,0.789875927316751,0.470711465220581
131,0.958599472,0.25,0.644405192945525,0.0219662746393969,0.994337051257038,0.791362366773481,0.471960074364234
132,0.958699796,0.25,0.643647371315014,0.0226265508588003,0.994366769752352,0.792848291539189,0.473208251167428
133,0.95880012,0.25,0.634730790149673,0.0232663659571496,0.994716439601974,0.810331784020249,0.487894384851519
134,0.958900445,0.27,0.399437681679507,0.0227349989280328,0.900659734081996,0.960255072953261,0.596343051758663
135,0.959000769,0.27,0.393942728708345,0.0220055054326328,0.887945921325189,0.955083352509814,0.598928911980387
136,0.959101094,0.27,0.38831229695507,0.0212298933551988,0.874918647856829,0.94978412262438,0.601578526923104
137,0.959201418,0.27,0.3826188151996,0.0204177419968788,0.861745493991231,0.944425551560408,0.60425781245509
138,0.959301742,0.27,0.377271771053682,0.0196353150068063,0.849373901653617,0.939393039423073,0.606774068523757
139,0.959402067,0.27,0.37561292281551,0.019443974638063,0.845535782200593,0.937831770493029,0.607554702988779
140,0.959502391,0.27,0.379466712328734,0.0201514345374102,0.854452393231189,0.941458866505475,0.605741154982556
141,0.959602715,0.27,0.384169459044388,0.0209731080689387,0.865333258181134,0.945884981061385,0.603528097704602
142,0.95970304,0.27,0.386693711131428,0.0217675497787738,0.871173684578597,0.94826074773154,0.602340214369524
143,0.959803364,0.27,0.391167095707285,0.0225186066931252,0.881523868499208,0.952470992038229,0.60023509221618
144,0.959903689,0.46,0.479295455206998,0.0230188297206652,0.979701426673527,0.991880570669411,0.717353833453839
145,0.960004013,0.46,0.479917970119301,0.0223804076656503,0.98031173541108,0.992124694164432,0.718305915084422
146,0.960104337,0.46,0.480467847097368,0.0217253288161427,0.980850830487616,0.992340332195046,0.719146903403818
147,0.960204662,0.46,0.480963330500801,0.0210664261310375,0.981336598530198,0.992534639412079,0.719904701550245
148,0.960304986,0.46,0.48146755601992,0.0204285634550386,0.981830937274432,0.992732374909773,0.720675869991251
149,0.960405311,0.46,0.482138268870787,0.0198597066789113,0.982488498892928,0.992995399557171,0.721701666116105
150,0.960505635,0.46,0.48328480016876,0.0194431960516436,0.983612549185059,0.993445019674023,0.723455184571829
151,0.960605959,0.46,0.485902096602097,0.01927580728148,0.986178526080487,0.994471410432195,0.727458108528697
152,0.960706284,0.46,0.488737630091469,0.0193762182943641,0.988958460873989,0.995583384349596,0.731794806806561
153,0.960806608,0.46,0.4919911391921,0.0196659301362687,0.992148175678529,0.996859270271412,0.736770761901643
154,0.960906932,0.46,0.495172394758227,0.0200585528100034,0.995267053684536,0.998106821473814,0.741636211591013
155,0.961007257,0.46,0.499764845143562,0.0205032949087062,0.9997694560231,0.99990778240924,0.748659959239173
156,0.961107581,0.46,0.502099228989596,0.0209783088523493,0.999917677294526,0.997447996130296,0.744738827158472
157,0.961207906,0.46,0.503846174171927,0.0214716141346294,0.999849169640317,0.995324258849814,0.7411764291396
158,0.96130823,0.46,0.505006913214518,0.0219766247750077,0.999803650462176,0.993913164327449,0.738809431876277
159,0.961408554,0.46,0.505620552453721,0.0224881258775822,0.999779586178285,0.993167171526849,0.737558089113981
160,0.961508879,0.46,0.505747040185975,0.0230012397752512,0.99977462587506,0.993013402126854,0.737300153346247
161,0.961609203,0.46,0.505454771647739,0.0235113192338555,0.999786087386363,0.993368708977259,0.737896151934023
162,0.961709527,0.46,0.504812206187408,0.0240141254164229,0.999811286031866,0.994149866987857,0.739206481500188
163,0.961809852,0.46,0.503882889203691,0.0245060082744968,0.999847729835149,0.995279624889631,0.741101559270906
164,0.961910176,0.46,0.502723045149935,0.024984000388002,0.999893213915689,0.996689631386353,0.743466731458956
165,0.962010501,0.46,0.501380876223446,0.0254458234931666,0.999945847991237,0.99832128772836,0.746203703387483
166,0.962110825,0.46,0.499896851214438,0.0258898355698404,0.999898873739646,0.999959549495858,0.748861850876984
167,0.962211149,0.34,0.591148914981577,0.0261381093718758,0.99642553274582,0.889191515120435,0.563147310625803
168,0.962311474,0.34,0.596439910130634,0.0263485055606343,0.996218042739975,0.882759324939229,0.552357830321845
169,0.962411798,0.31,0.55256462412974,0.0264885242911183,0.997938642190991,0.936097907920709,0.641829001774649
170,0.962512123,0.72,0.317313133175104,0.0261387923635507,0.710646072836515,0.882961380243235,0.634989898113677
171,0.962612447,0.72,0.31753861822369,0.0257031167638837,0.711167783341087,0.883173601465434,0.634883787502577
172,0.962712771,0.72,0.317775740577427,0.0252500063845949,0.711716419375224,0.883396775445422,0.634772200512583
173,0.962813096,0.72,0.318026788993152,0.0247830848227861,0.71229727649396,0.883633056307281,0.634654060081654
174,0.96291342,0.72,0.318294832730602,0.0243083341615927,0.712917456121785,0.883885332766057,0.634527921852266
175,0.963013744,0.72,0.318584056829492,0.0238352012279006,0.713586641291765,0.884157543682659,0.634391816393965
176,0.963114069,0.72,0.318900197393751,0.0233780351348878,0.714318103773776,0.884455087743138,0.634243044363725
177,0.963214393,0.72,0.319250985169045,0.0229575478724189,0.715129730391124,0.884785240943415,0.634077967763587
178,0.963314718,0.72,0.319646263940391,0.0226011866791656,0.71604429696012,0.885157268022329,0.63389195422413
179,0.963415042,0.72,0.320097072205953,0.022340066176628,0.717087343535341,0.885581558154622,0.633679809157983
180,0.963515366,0.72,0.320612980926799,0.0222001725263351,0.718281014693379,0.886067119303654,0.633437028583467
181,0.963615691,0.72,0.321198414899504,0.0221903662061025,0.719635548198852,0.886618115983847,0.633161530243371
182,0.963716015,0.07,0.475501418417179,0.0216163083614856,0.97598178276194,0.990392713104776,0.711551188951764
183,0.963816339,0.07,0.479649519371634,0.0208264365502714,0.980048548403563,0.992019419361425,0.717895343352696
184,0.963916664,0.07,0.480397071812662,0.0200619444491197,0.98078144295359,0.992312577181436,0.719038658850738
185,0.964016988,0.07,0.482632629720991,0.0196306228596726,0.982973166393128,0.993189266557251,0.722457747416418
186,0.964117313,0.07,0.480390217200595,0.0200619245880967,0.980774722745682,0.992309889098273,0.7190281753264
187,0.964217637,0.07,0.476323669120611,0.0208277290132848,0.97678791090256,0.990715164361024,0.712808748851131
188,0.964317961,0.32,0.512549028230641,0.0210988828571765,0.999507881245857,0.984744318621574,0.723429432627713
189,0.964418286,0.32,0.509901912020805,0.020521729718071,0.999611689724674,0.987962381464903,0.728827473526201
190,0.96451861,0.32,0.507003334204323,0.0199709816311397,0.999725359442968,0.991486142731999,0.734738298877459
191,0.964618935,0.32,0.50391010360718,0.0194983478833961,0.99984666260364,0.99524654071284,0.741046063232418
192,0.964719259,0.32,0.500718504400834,0.0191983238140748,0.99997182335683,0.999126524061731,0.747554422398298
193,0.964819583,0.32,0.497540796845355,0.0191613829206143,0.997589016515053,0.999035606606021,0.745258473606621
194,0.964919908,0.32,0.495288383291738,0.0193590131573338,0.995380767933076,0.99815230717323,0.741813605818736
195,0.965020232,0.32,0.490969194783252,0.0196870652269003,0.991146269395345,0.996458507758138,0.735207788099876
196,0.965120556,0.32,0.488161628751904,0.0200659963867958,0.988393753678338,0.995357501471335,0.730913863581344
197,0.965220881,0.32,0.485599956827775,0.0204618654258457,0.985882310615466,0.994352924246186,0.726996012403264
198,0.965321205,0.32,0.48335681442957,0.0208635081243227,0.983683151401539,0.993473260560616,0.723565324029539
199,0.96542153,0.2,0.591395136390239,0.0210789650202028,0.996415877004304,0.888892187133435,0.562645212066964
200,0.965521854,0.2,0.598928164769662,0.0205848696268981,0.99612046412668,0.879734387927077,0.547283742430492
201,0.965622178,0.2,0.606105495503437,0.0201234246660464,0.995839000176336,0.866459812738359,0.535041928974732
202,0.965722503,0.2,0.612289950237511,0.0197674185208361,0.995596472539706,0.854333430906841,0.524855768236256
203,0.965822827,0.2,0.616477781313074,0.019641180088401,0.995432243870076,0.846121997425346,0.5179581641118
204,0.965923152,0.2,0.618027735347598,0.0198247131187369,0.995371461358918,0.843082871867455,0.515405298643172
205,0.966023476,0.72,0.345480808854603,0.0198180690676929,0.775818342055748,0.90947213382394,0.621734521323324
206,0.9661238,0.72,0.347103608031461,0.0190264939580904,0.779573053876713,0.910999474225688,0.62097085112245
207,0.966224125,0.72,0.347587234290005,0.0187931128419727,0.780692032278834,0.911454651880789,0.6207432622949
208,0.966324449,0.28,0.78585301226389,0.0192554818391913,0.961855799593137,0.463511929523418,0.279388613022875
209,0.966424773,0.28,0.78411214957352,0.0192846254062394,0.96247022171915,0.467949422655734,0.281436686776251
210,0.966525098,0.28,0.779537108576949,0.0195641024990706,0.964084942070881,0.47961129186268,0.286819087948688
211,0.966625422,0.28,0.772732497154495,0.0200431945436915,0.966486569631747,0.496956379802267,0.294824513151574
212,0.966725747,0.28,0.764715445712505,0.020626030033827,0.969316117199508,0.517392001124986,0.304256338377445
213,0.966826071,0.28,0.756190652154521,0.0212459100548735,0.972324867867032,0.539121867057105,0.314285507269192
214,0.966926395,0.28,0.747535894317136,0.0218681836270053,0.975379488280226,0.561183014485731,0.324467575313173
215,0.96702672,0.28,0.738946199823185,0.0224761315564792,0.978411145160445,0.583078314176195,0.334573098247234
216,0.967127044,0.65,0.390911395274845,0.0227824407754732,0.880932247890817,0.952230332807697,0.600355421831446
217,0.967227368,0.65,0.392200072715673,0.022312328770647,0.883913893734303,0.953443205693183,0.599748985388703
218,0.967327693,0.65,0.393209066778077,0.0219504831037603,0.886248429015943,0.95439284716368,0.599274164653454
219,0.967428017,0.65,0.393791868140924,0.0217660939036442,0.887596871384883,0.954941366093419,0.598999905188585
220,0.967528342,0.65,0.393844877359291,0.0218084688943483,0.887719520164634,0.95499125712247,0.598974959674059
221,0.967628666,0.65,0.39339148490085,0.0220666650180698,0.886670494476477,0.954564534808643,0.599188320830973
222,0.96772899,0.65,0.39256082923546,0.0224796297784899,0.884748585289888,0.953782741241217,0.599579217614685
223,0.967829315,0.65,0.391494766221226,0.0229807727446215,0.882282008119699,0.952779387816056,0.600080894327266
224,0.967929639,0.65,0.39029771366703,0.0235218428495683,0.879512357111951,0.951652750117989,0.6006442131763
225,0.968029964,0.65,0.389035538418397,0.0240732468466462,0.876592030066096,0.950464820472217,0.601238177999186
226,0.968130288,0.65,0.387747909083471,0.0246179729689943,0.873612809251953,0.949252934039345,0.601844121215621
227,0.968230612,0.65,0.386626452595764,0.0251477960487319,0.871018066790198,0.948197445580326,0.602371865445131
228,0.968330937,0.65,0.385355450892396,0.0256551664813403,0.868077317751033,0.947001208683039,0.602969983893775
229,0.968431261,0.39,0.39447041625229,0.0259901712118666,0.889166845446475,0.955579999609998,0.598680588430295
230,0.968531585,0.39,0.392680821360275,0.0257378920068046,0.885026214127695,0.953895675005749,0.59952275073242
231,0.96863191,0.39,0.391156663248535,0.0255217234359218,0.881499730653473,0.952461173253523,0.600240001608533
232,0.968732234,0.39,0.389952743934435,0.0253516286705538,0.878714191848299,0.951328072722605,0.600806551873992
233,0.968832559,0.39,0.389118641311352,0.0252367306315623,0.876784307347834,0.950543034959704,0.601199070755442
234,0.968932883,0.6,0.393061929713053,0.0251694683888162,0.885907994238044,0.954254365220128,0.59934340562523
235,0.969033207,0.6,0.392494390886564,0.0246893607174776,0.884594865188521,0.953720211030492,0.599610482720048
236,0.969133532,0.6,0.391954793499847,0.0241803953237523,0.883346384960431,0.953212354666523,0.599864410902033
237,0.969233856,0.6,0.391442711968617,0.0236461503433985,0.882161568868566,0.952730395578307,0.600105390446141
238,0.969334181,0.6,0.3909571898596,0.0230940970226675,0.881038203988879,0.952273433593349,0.600333871438619
239,0.969434505,0.6,0.390496408414087,0.0225389616674563,0.879972082212985,0.951839756938748,0.60055070976592
240,0.969534829,0.6,0.390057053522169,0.0220090883701231,0.878955535600313,0.951426246452238,0.600757465009175
241,0.969635154,0.6,0.389633281293389,0.0215568339229284,0.877975042992548,0.951027402001621,0.600956887234483
242,0.969735478,0.6,0.389215987803137,0.0212661169006894,0.877009540407259,0.950634655187267,0.601153260641661
243,0.969835802,0.6,0.388795579209649,0.0212256228183394,0.876036830328208,0.950238976511042,0.601351099979773
244,0.969936127,0.6,0.388369709373755,0.0214529294208361,0.875051484433395,0.949838157841966,0.601551509314311
245,0.970036451,0.6,0.387945272086813,0.0218748398907849,0.874069453063606,0.949438687454255,0.601751244508167
246,0.970136776,0.6,0.387530977705846,0.0224002241415811,0.873110889593919,0.949048763330993,0.601946206569798
247,0.9702371,0.63,0.258916585212945,0.0218773470995519,0.559421348223263,0.82316658042155,0.644748369207335
248,0.970337424,0.63,0.255187834837844,0.0211041950286726,0.549331788384754,0.81921849178909,0.644894594712241
249,0.970437749,0.63,0.251352505438763,0.0202742796871263,0.538953838246064,0.815157554778298,0.645044999786715
250,0.970538073,0.63,0.24745019113583,0.0193948448950336,0.528394634838128,0.811025692575193,0.645198031720164
251,0.970638397,0.63,0.245087818409374,0.0191196277899552,0.522002332166542,0.808524356747181,0.645290673787868
252,0.970738722,0.63,0.248153911990032,0.0200229944222791,0.530298820678911,0.81177080877376,0.64517043482392
253,0.970839046,0.63,0.251239395290354,0.0209012060784314,0.538647775491546,0.815037791091747,0.64504943547881
254,0.970939371,0.63,0.254226544927619,0.0217256607235539,0.546730650980616,0.818200655413557,0.64493229235578
255,0.971039695,0.63,0.257109137087471,0.0224973540579669,0.554530606236687,0.821252811818107,0.644819249525982
256,0.971140019,0.63,0.259888752979885,0.0232191578820414,0.562051919827923,0.824195934527721,0.644710244981181
257,0.971240344,0.63,0.262568503627568,0.0238941571386799,0.569303009815771,0.827033317566444,0.644605156720487
258,0.971340668,0.63,0.265151878097341,0.0245253563573413,0.576293317204571,0.829768655240322,0.644503847917751
259,0.971440993,0.63,0.267642424420247,0.0251156077756111,0.583032442548903,0.832405704288104,0.6444061794345
260,0.971541317,0.63,0.270043639703496,0.0256675944287007,0.589529848609459,0.834948167529192,0.644312014129275
261,0.971641641,0.63,0.272358927735661,0.0261838303763422,0.59579474563767,0.837399648975013,0.64422121852017
262,0.971741966,0.63,0.274591582273832,0.026666666951348,0.601836046152722,0.839763636133077,0.644133663440242
263,0.97184229,0.63,0.276744781297337,0.0271183011569677,0.607662349392795,0.842043493922671,0.64404922426285
264,0.971942614,0.2,0.577628234576078,0.0274405785424944,0.99695575550682,0.905628420711434,0.590718894197801
265,0.972042939,0.2,0.577111761378908,0.0274393548920985,0.99697600935769,0.906256290088387,0.591772094443012
266,0.972143263,0.2,0.576377417826318,0.0274567200529277,0.997004807144066,0.907149021466045,0.593269579334568
267,0.972243588,0.2,0.575427363961231,0.0274926558015678,0.997042064158383,0.908303988909876,0.595206944079058
268,0.972343912,0.2,0.572521993087402,0.0275534528009521,0.997156000271082,0.911836008403551,0.601131621939416
269,0.972444236,0.2,0.571145662116727,0.0276248438058467,0.997209974034638,0.913509195073782,0.603938257644321
270,0.972544561,0.2,0.569582774744278,0.0277122296541567,0.997271263735519,0.915409175801074,0.607125322090099
271,0.972644885,0.2,0.567850194749315,0.0278141033304102,0.997339208049047,0.917515449520441,0.610658426393554
272,0.97274521,0.2,0.565966660100543,0.0279287713148374,0.99741307215292,0.919805236740516,0.61449935979497
273,0.972845534,0.2,0.563951978740125,0.0280544361461526,0.997492079265093,0.922254457217888,0.618607729627981
274,0.972945858,0.2,0.561826296044752,0.0281892707005329,0.997575439370794,0.924838620494616,0.622942455124428
275,0.973046183,0.2,0.55960947171598,0.0283314802336848,0.997662373658197,0.927533583404102,0.627463038069374
276,0.973146507,0.2,0.557320584259859,0.0284793504556534,0.997752133950594,0.930316152468407,0.632130573274013
277,0.973246831,0.2,0.554977564930876,0.0286312817192595,0.997844017061534,0.933164528907562,0.636908495042919
278,0.973347156,0.2,0.55259695144768,0.0287858106505747,0.997937374453032,0.936058608043997,0.64176307940081
279,0.97344748,0.67,0.345492655831086,0.028805968494213,0.775845752707219,0.909483283919454,0.621728946275567
280,0.973547805,0.83,0.262566455739653,0.0285789364559021,0.569297468472001,0.827031149214534,0.644605237029818
281,0.973648129,0.83,0.262687225388018,0.0283238354959387,0.569624256932284,0.827159022959862,0.644600500965176
282,0.973748453,0.83,0.262805649377237,0.0280676578259528,0.569944698314877,0.827284413066094,0.644595856887167
283,0.973848778,0.83,0.26292053483605,0.0278133086817824,0.570255564850488,0.827406056493072,0.644591351575057
284,0.973949102,0.83,0.263030486411818,0.0275643465271013,0.570553080879036,0.827522475808591,0.644587039748556
285,0.974049426,0.83,0.263133900946358,0.0273250180260049,0.570832908443086,0.827631973551045,0.644582984276613
286,0.974149751,0.83,0.263228979325484,0.0271002403999925,0.571090179351308,0.827732644776002,0.644579255712726
287,0.974250075,0.83,0.263313764329843,0.0268955017513809,0.571319597598397,0.827822417133559,0.644575930810594
288,0.9743504,0.83,0.263386213271649,0.0267166494773781,0.571515635911521,0.827899127777824,0.644573089675622
289,0.974450724,0.83,0.263444310812988,0.0265695474057222,0.571672841023379,0.827960642821595,0.644570811340667
290,0.974551048,0.83,0.263486219141576,0.0264596088331304,0.571786240030147,0.828005016345983,0.644569167876801
291,0.974651373,0.83,0.263510449893843,0.0263912545834033,0.571851805595104,0.828030672436618,0.644568217651222
292,0.974751697,0.83,0.263516028543434,0.0263673905022525,0.571866900764586,0.828036579242068,0.64456799888065
293,0.974852022,0.83,0.263502614426496,0.0263890242575137,0.571830603742282,0.828022376059427,0.644568524924451
294,0.974952346,0.83,0.263470544909576,0.0264551243816429,0.571743827402383,0.827988420100336,0.644569782552566
295,0.97505267,0.83,0.263420791223836,0.0265627623434124,0.571609199782144,0.827935739727199,0.644571733677497
296,0.975152995,0.83,0.263354838441889,0.0267074966653519,0.571430739313347,0.827865907369844,0.644574320061102
297,0.975253319,0.83,0.263274521091464,0.0268838960211499,0.571213410012197,0.827780865469393,0.644577469761119
298,0.975353643,0.83,0.26318185123453,0.0270860814139808,0.570962656281669,0.827682744444404,0.644581103873156
299,0.975453968,0.83,0.263078868293812,0.0273081930720806,0.570683996559727,0.827573703683644,0.644585142419851
300,0.975554292,0.05,0.267621267534492,0.0272923926565727,0.582975194505095,0.832383302879658,0.644407009116294
301,0.975654617,0.05,0.26738505836641,0.027234560592051,0.582336040285581,0.832133199054631,0.644416272220925
302,0.975754941,0.18,0.44951556065959,0.0270580486615301,0.950505451627049,0.98020218065082,0.671808112381334
303,0.975855265,0.18,0.451149294171414,0.0266337413355387,0.952107151148445,0.980842860459378,0.674306763634712
304,0.97595559,0.18,0.452807479462473,0.0261892751370923,0.953732823002424,0.98149312920097,0.676842811726919
305,0.976055914,0.18,0.454481566816823,0.0257263225433474,0.955374085114532,0.982149634045813,0.679403180621808
306,0.976156239,0.18,0.45615867959684,0.0252479786833479,0.957018313330235,0.982807325332094,0.681968176638304
307,0.976256563,0.18,0.457819493884098,0.0247595154798861,0.958646562631469,0.983458625052587,0.684508245548228
308,0.976356887,0.18,0.459435047307213,0.0242695230747411,0.960230438536484,0.984092175414593,0.686979091960052
309,0.976457212,0.18,0.460962148447107,0.0237915607604809,0.961727596516772,0.984691038606709,0.689314658409301
310,0.976557536,0.18,0.462337558258149,0.0233462656168101,0.96307603750799,0.985230415003196,0.691418226355601
311,0.97665786,0.18,0.463473067047245,0.0229631779500759,0.964189281418868,0.985675712567547,0.693154886856571
312,0.976758185,0.18,0.464258249953345,0.0226798892025177,0.964959068581711,0.985983627432684,0.694355754830606
313,0.976858509,0.18,0.464582567771285,0.0225343740708714,0.96527702722675,0.9861108108907,0.694851770316867
314,0.976958834,0.18,0.464379554238176,0.0225495101470859,0.965077994351152,0.986031197740461,0.694541279030935
315,0.977059158,0.18,0.463664038709055,0.0227200352431617,0.964376508538289,0.985750603415316,0.693446961162868
316,0.977159482,0.18,0.462523462617833,0.0230156789042633,0.96325829668415,0.98530331867366,0.691702550670412
317,0.977259807,0.21,0.335232982530949,0.0228714452043316,0.752107685071608,0.899827120813442,0.626557027828573
318,0.977360131,0.21,0.333412440407401,0.0226435924590982,0.747895450354379,0.898113669403044,0.627413753533772
319,0.977460455,0.21,0.333016097732239,0.0225531370839662,0.746978422204003,0.897740641002891,0.627600267733849
320,0.97756078,0.21,0.334156530721963,0.0226122480873285,0.749617071082188,0.898813989699102,0.627063593385743
321,0.977661104,0.21,0.336717668772532,0.022807954152603,0.755542841473702,0.901224472570226,0.625858351950181
322,0.977761429,0.21,0.340417273059372,0.0231092556429865,0.764102710215802,0.904706453075487,0.62411736169755
323,0.977861753,0.21,0.347531735123869,0.0234830914799917,0.780563622443461,0.911402417371484,0.620769379549552
324,0.977962077,0.21,0.352616682221269,0.0238947506837529,0.792328794159015,0.916188249933744,0.618376463268422
325,0.978062402,0.47,0.378299494612125,0.0237418588109635,0.851751771847662,0.940360308654549,0.60629043390802
326,0.978162726,0.47,0.377265907740406,0.0232871951619497,0.849360335556234,0.939387521010578,0.606776827730005
327,0.978263051,0.47,0.376426801768738,0.022894327058245,0.847418874680609,0.938597774213714,0.607171701128437
328,0.978363375,0.47,0.375880222061906,0.0226037116650282,0.846154239280489,0.938083346254343,0.607428915108123
329,0.978463699,0.47,0.375727198181289,0.0224574735665974,0.845800184027295,0.937939323778468,0.60750092634606
330,0.978564024,0.4,0.443884776628756,0.0221120849938453,0.944985075126232,0.977994030050493,0.663196325040059
331,0.978664348,0.4,0.445210640207884,0.0215291668235202,0.946284941380278,0.978513976552111,0.665224116396371
332,0.978764672,0.4,0.44640755834521,0.0210439222399942,0.947458390534519,0.978983356213808,0.667054697076987
333,0.978864997,0.4,0.447340302976082,0.0207671256371563,0.948372846054982,0.979349138421993,0.66848124768891
334,0.978965321,0.4,0.447886619777932,0.0207988502311679,0.948908450762679,0.979563380305072,0.669316791032916
335,0.979065646,0.4,0.448075248627402,0.0211130511520318,0.949093381007257,0.979637352402903,0.669605282214457
336,0.97916597,0.4,0.446286585806688,0.0215977565534315,0.947339790006557,0.978935916002623,0.666869680253367
337,0.979266294,0.4,0.446123151950818,0.0221420401936713,0.947179560736096,0.978871824294438,0.666619722591447
338,0.979366619,0.06,0.346723152177477,0.0223333406511729,0.778692783469456,0.910641398127821,0.621149889171383
339,0.979466943,0.06,0.347173751747601,0.0215915903355715,0.779735347180724,0.91106549184088,0.620937842314854
340,0.979567267,0.06,0.34768311504085,0.0208179333750251,0.780913874016084,0.911544892587467,0.620698141941561
341,0.979667592,0.06,0.348289280112879,0.0200274791439925,0.782316373594503,0.912115400890552,0.620412887790018
342,0.979767916,0.06,0.349074910045021,0.0192571479847003,0.784134105594363,0.912854817297275,0.620043179586657
343,0.979868241,0.06,0.35021710517875,0.0185887444579206,0.78677683159005,0.913929824481961,0.619505675994314
344,0.979968565,0.06,0.351976739572164,0.0181367487448153,0.790848142539517,0.91558595096988,0.618677612750354
345,0.980068889,0.06,0.354414166296293,0.0179016694069881,0.79648767888162,0.917879999651413,0.617530588409588
346,0.980169214,0.06,0.357289403419972,0.0177399837784951,0.803140188305032,0.920586105179581,0.616177535645504
347,0.980269538,0.06,0.360363876258714,0.0175392739504097,0.810253674480947,0.923479726674868,0.61473072489786
348,0.980369863,0.06,0.36331256394604,0.0173175952601551,0.81707612834574,0.926254962145293,0.613343107162648
349,0.980470187,0.06,0.363913763816493,0.0178241349277175,0.81846713981071,0.926820797317484,0.613060189576552
350,0.980570511,0.06,0.363080220842911,0.0187810294328491,0.816538550185559,0.926036286283524,0.613452445093532
351,0.980670836,0.06,0.362181543597791,0.0197170864970243,0.814459257736064,0.925190472405764,0.613875352032412
352,0.98077116,0.06,0.36130303048799,0.0206023280672679,0.812426619560446,0.924363636537716,0.614288769966436
353,0.980871484,0.06,0.360455036152309,0.021434229483197,0.81046459345044,0.923565524221781,0.614687826124404
354,0.980971809,0.06,0.359638598257818,0.0222142457499744,0.808575580282795,0.92279711208579,0.615072032192399
355,0.981072133,0.06,0.358852859229859,0.0229448374177072,0.806757595865163,0.922057593000651,0.615441791734968
356,0.981172458,0.06,0.359303639907416,0.0236278335606903,0.807800578609314,0.922481857167764,0.615229659651412
357,0.981272782,0.29,0.621621130808886,0.0239454979930199,0.995230543889848,0.83603699841395,0.509486764942227
358,0.981373106,0.29,0.623168859028204,0.0233910484742227,0.995169848665561,0.8330022371996,0.506937565522174
359,0.981473431,0.29,0.624634002659167,0.0228218585484728,0.995112392052582,0.830129406550652,0.504524387777058
360,0.981573755,0.29,0.62594917312354,0.0222495030187717,0.995060816740253,0.827550640934235,0.502358224659267
361,0.98167408,0.29,0.627010087811223,0.0216927861125327,0.995019212242697,0.825470416056425,0.500610835761907
362,0.981774404,0.29,0.627664046144257,0.0211797760740911,0.994993566817872,0.824188144815183,0.499533727919263
363,0.981874728,0.29,0.627715170769346,0.0207460249462436,0.994991561930614,0.824087900452263,0.499449522654411
364,0.981975053,0.29,0.626976171850618,0.0204229608464844,0.995020542280368,0.825536917939964,0.50066669734408
365,0.982075377,0.29,0.625366521628714,0.0202174668657523,0.995083665818482,0.828693094845659,0.503317885944863
366,0.982175701,0.29,0.622969243507204,0.0201018645669219,0.995177676725208,0.833393640181953,0.50726634402735
367,0.982276026,0.29,0.619018490115604,0.0200275081735811,0.995332608230761,0.8411402154596,0.513773467260574
368,0.98237635,0.29,0.615638560368358,0.0199484276293119,0.995465154495359,0.847767528689494,0.519340410373685
369,0.982476675,0.29,0.612013043851539,0.0198279364416237,0.995607331613665,0.854876384604827,0.525311849342564
370,0.982576999,0.29,0.607427654767368,0.0196425571011493,0.995787150793437,0.863867343593397,0.532864254892963
371,0.982677323,0.29,0.603611764518235,0.0193727574266364,0.995936793548305,0.871349481336795,0.539149250597418
372,0.982777648,0.29,0.599777035091343,0.0190085457911855,0.996087175094457,0.878702427928172,0.545552712754909
373,0.982877972,0.29,0.595953597787361,0.018542396527061,0.99623711381226,0.88335052818007,0.553349526080675
374,0.982978296,0.29,0.587126894008026,0.0179823624457513,0.996583259058509,0.894081030813772,0.571349078885594
375,0.983078621,0.29,0.583125594705694,0.018431884475372,0.99674017275664,0.898945355455823,0.579508591188389
376,0.983178945,0.29,0.578990349974897,0.0193884219653226,0.996902339216671,0.903972515716793,0.587941247110015
377,0.98327927,0.29,0.574928758226036,0.020287069084576,0.997061617324469,0.908910137058545,0.596223708715535
378,0.983379594,0.29,0.570945631183045,0.0211269863131463,0.997217818384979,0.913752369934338,0.604346163862026
379,0.983479918,0.29,0.56704284451101,0.0219110914101354,0.997370868842706,0.91849693412387,0.612304787663823
380,0.983580243,0.29,0.566192022580959,0.0226459752024348,0.99740423440859,0.919531266666286,0.61403979708981
381,0.983680567,0.29,0.562609080635658,0.0233284192219397,0.997544741935857,0.923887000011553,0.621346188507677
382,0.983780892,0.22,0.662477904358663,0.023340674564255,0.993628317476131,0.755925677728112,0.442193255566124
383,0.983881216,0.22,0.662488774441978,0.0231472857194677,0.993627891198354,0.755904363839259,0.442175351899487
384,0.98398154,0.22,0.662085773148069,0.0229665875235059,0.993643695170664,0.756694562454768,0.442839118736515
385,0.984081865,0.22,0.664934239805905,0.0227943193918483,0.993531990595847,0.751109333713911,0.438147526594195
386,0.984182189,0.22,0.663687638907,0.0226282177536056,0.993580876905608,0.753553649201961,0.440200751604157
387,0.984282513,0.22,0.662146237044814,0.0224644349925504,0.993641324037458,0.756576005794482,0.442739531141875
388,0.984382838,0.22,0.660347014682638,0.0223009578195465,0.993711881777152,0.760103892779142,0.445702956208989
389,0.984483162,0.22,0.658322247149629,0.0221375609778726,0.993791284425505,0.764074025196806,0.449037867439827
390,0.984583487,0.22,0.654232291498238,0.0219768611491225,0.993951674843206,0.772093546081886,0.455774264983294
391,0.984683811,0.22,0.651856858368621,0.0218238961304469,0.994044829083583,0.776751258100743,0.459686743079134
392,0.984784135,0.22,0.64929316381907,0.0216887168120986,0.994145366124742,0.781778110158687,0.463909298807807
393,0.98488446,0.22,0.646533964584072,0.0215853439847477,0.994253570016311,0.787188304737114,0.468453862253685
394,0.984984784,0.22,0.643563639905355,0.0215310343849572,0.994370053337045,0.793012470773813,0.473346161724513
395,0.985085109,0.22,0.640365086209004,0.021543133549736,0.994495486815333,0.799284144688228,0.478614367812621
396,0.985185433,0.22,0.636930054266697,0.0216340248844263,0.994630193950326,0.806019501437848,0.484272067482302
397,0.985285757,0.22,0.63326831885881,0.021806434748425,0.994773791417302,0.813199374786648,0.490303161095294
398,0.985386082,0.22,0.629409615405721,0.0220522627520628,0.994925113121344,0.820765459988782,0.496658672665087
399,0.985486406,0.22,0.625397130867139,0.0223557357285638,0.995082465456191,0.8286330767311,0.503267470728634
400,0.98558673,0.22,0.621277627525921,0.0226984024954773,0.995244014606827,0.836710534262901,0.510052535055347
401,0.985687055,0.22,0.617093829264656,0.0230630778568971,0.995408085126876,0.844914060265382,0.51694349689743
402,0.985787379,0.22,0.612880913955065,0.0234357318571273,0.995573297491958,0.853174678519481,0.523882416230874
403,0.985887704,0.22,0.60675315158302,0.0238081672029687,0.995813601898705,0.865189898856824,0.533975201314242
404,0.985988028,0.22,0.602495607669219,0.024168359766074,0.995980564405129,0.873538024178002,0.540987626584032
405,0.986088352,0.43,0.253397122855863,0.0244238228576301,0.544486332433511,0.817322443808168,0.644964818711535
406,0.986188677,0.43,0.251102082033946,0.0238969626041211,0.538276221974206,0.814892400584962,0.645054820312394
407,0.986289001,0.43,0.248929180646779,0.0233665981123949,0.532396606455989,0.812591681469138,0.645140032131499
408,0.986389325,0.43,0.246969589318649,0.0228440168061322,0.527094182862226,0.810516820062883,0.645216878850249
409,0.98648965,0.43,0.245349801406555,0.0223453872193714,0.522711227335384,0.808801750508901,0.645280399944841
410,0.986589974,0.43,0.244235049027126,0.02189216237893,0.519694838543987,0.807621424460094,0.645324115724426
411,0.986690299,0.43,0.243817276567503,0.0215092534684256,0.51856439541795,0.807179077149905,0.645340498958137
412,0.986790623,0.43,0.244274502154056,0.0212192116532091,0.519801594063917,0.807663198359197,0.645322568542978
413,0.986890947,0.43,0.245705543118825,0.0210332511375485,0.52367382255682,0.809178418204246,0.645266449289458
414,0.986991272,0.43,0.248080435199283,0.0209450706221624,0.53010000112747,0.811693009818848,0.645173316266695
415,0.987091596,0.43,0.25125117351841,0.0209335898815835,0.538679645990992,0.815050262156748,0.645048973587513
416,0.987191921,0.43,0.255011801820185,0.0209724749256506,0.548855463748737,0.819032103888039,0.644901497967836
417,0.987292245,0.19,0.401054996794164,0.0206207573919116,0.902995094896239,0.961198037958496,0.59769195588127
418,0.987392569,0.19,0.401654197011909,0.0197682486499209,0.903582546090107,0.961433018436043,0.598608379743703
419,0.987492894,0.19,0.402158086185778,0.0189320937196358,0.904076555084096,0.961630622033638,0.599379033774327
